"ID","Evidence Category","Evidence Artifact","What It Can Support","Typical Owner","Review Cadence"
"EV-001","Governance","Information Security Policy","Security governance, roles, policy framework","Security / GRC","Annual"
"EV-002","Governance","Risk Management Policy","Risk assessment, treatment, acceptance","Security / GRC","Annual"
"EV-003","Governance","Security Exception Procedure","Control exceptions and approvals","Security / GRC","Annual"
"EV-004","Governance","Security Awareness Standard","Training expectations","Security / HR","Annual"
"EV-005","Identity & Access","Access Control Policy","Least privilege, account lifecycle, privileged access","Security / IT","Annual"
"EV-006","Identity & Access","Role Matrix","Role-to-permission mapping","IT / Product","Quarterly"
"EV-007","Identity & Access","Access Review Evidence","Periodic entitlement review","Security / IT","Quarterly"
"EV-008","Identity & Access","MFA Configuration Evidence","Strong authentication for admin access","IT / Security","On change"
"EV-009","Data Protection","Encryption Standard","Encryption in transit and at rest","Security / Platform","Annual"
"EV-010","Data Protection","Key Management Standard","Key generation, storage, rotation and access","Security / Platform","Annual"
"EV-011","Data Protection","Data Classification Policy","Sensitive-data handling requirements","Security / Privacy","Annual"
"EV-012","Data Protection","Data Flow Diagram","Data sources, destinations and processors","Privacy / Product","On change"
"EV-013","Data Protection","Retention Schedule","Retention periods by data type","Privacy / Legal","Annual"
"EV-014","Data Protection","Deletion Procedure","Deletion after termination or request","Privacy / Engineering","Annual"
"EV-015","Application Security","Secure SDLC Standard","Security gates in development lifecycle","AppSec / Engineering","Annual"
"EV-016","Application Security","Code Review Standard","Peer review and protected branches","Engineering","Annual"
"EV-017","Application Security","SAST/DAST Configuration","Automated application security testing","AppSec","On change"
"EV-018","Application Security","Dependency Scanning Evidence","Open-source vulnerability detection","AppSec / Engineering","Continuous"
"EV-019","Application Security","Secrets Management Standard","Credential storage and repository controls","Engineering / Security","Annual"
"EV-020","Vulnerability Management","Vulnerability Management Policy","Prioritization and remediation SLAs","Security","Annual"
"EV-021","Vulnerability Management","Patch Management Procedure","Patch testing and deployment","IT / Platform","Annual"
"EV-022","Vulnerability Management","Penetration Test Summary","Independent security testing","Security","Annual"
"EV-023","Vulnerability Management","Risk Acceptance Record","Accepted security risk with owner and expiry","Security / GRC","Per exception"
"EV-024","Logging & Monitoring","Logging Standard","Security event collection and retention","Security / Platform","Annual"
"EV-025","Logging & Monitoring","SIEM Coverage Map","Systems and events monitored centrally","Security","Quarterly"
"EV-026","Logging & Monitoring","Detection Rule Inventory","Alerting for suspicious behavior","Security","Quarterly"
"EV-027","Incident Response","Incident Response Plan","Incident roles, triage and escalation","Security","Annual"
"EV-028","Incident Response","Incident Communication Procedure","Customer and stakeholder notification","Security / Legal","Annual"
"EV-029","Incident Response","Tabletop Exercise Report","Evidence of incident-response testing","Security / Executive","Annual"
"EV-030","Business Continuity","Business Continuity Plan","Continuity responsibilities and processes","Operations","Annual"
"EV-031","Business Continuity","Disaster Recovery Plan","Technical recovery procedures","Platform / Operations","Annual"
"EV-032","Business Continuity","Backup Standard","Backup frequency, protection and retention","Platform","Annual"
"EV-033","Business Continuity","Restore Test Evidence","Backup recovery validation","Platform / Operations","Quarterly"
"EV-034","Third Parties","Vendor Risk Management Policy","Supplier due diligence and monitoring","Procurement / Security","Annual"
"EV-035","Third Parties","Subprocessor List","Third parties processing customer data","Privacy / Legal","On change"
"EV-036","Third Parties","Vendor Risk Register","Open supplier findings and treatment","Security / Procurement","Quarterly"
"EV-037","Privacy","Privacy Policy / Notice","External privacy commitments","Privacy / Legal","Annual"
"EV-038","Privacy","Data Processing Addendum","Contractual data-processing terms","Legal / Privacy","On change"
"EV-039","Privacy","Data Subject Request Procedure","Rights-request handling","Privacy / Legal","Annual"
"EV-040","Privacy","Privacy Impact Assessment Template","Review of new personal-data uses","Privacy / Product","Annual"
"EV-041","AI Governance","AI System Inventory","Models, providers, use cases and owners","Product / AI","Quarterly"
"EV-042","AI Governance","AI Data Flow","Data sent to models, embeddings and retrieval systems","Product / Privacy","On change"
"EV-043","AI Governance","AI Data Use Statement","Training, fine-tuning and customer-data use position","Product / Legal","On change"
"EV-044","AI Governance","AI Retention Matrix","Retention of prompts, outputs and embeddings","Product / Privacy","On change"
"EV-045","AI Governance","AI Evaluation Plan","Pre-release model and prompt evaluation","AI / Engineering","Per release"
"EV-046","AI Governance","AI Threat Model","Prompt injection, unsafe tool use and retrieval risks","AI / Security","On change"
"EV-047","AI Governance","Human Oversight Procedure","Review and escalation for high-impact outputs","Product / Risk","Annual"
"EV-048","Compliance","Current Certification / Attestation","Scope and validity of external assurance","GRC","Per renewal"
"EV-049","Compliance","Audit Remediation Tracker","Findings, owners and closure status","GRC / Security","Monthly"
"EV-050","Compliance","Customer Assurance Evidence Catalog","Approved artifacts available to buyers","GRC / Sales Engineering","Quarterly"
"EV-051","Infrastructure","Cloud Architecture Diagram","Hosting, network and service boundaries","Platform / Security","On change"
"EV-052","Infrastructure","Cloud IAM Standard","Administrative access to production","Platform / Security","Annual"
"EV-053","Infrastructure","Network Segmentation Diagram","Environment and network separation","Platform / Security","On change"
"EV-054","Infrastructure","Infrastructure Change Procedure","Review and logging of infrastructure changes","Platform","Annual"
"EV-055","Customer Controls","SSO Documentation","Customer identity federation support","Product","On change"
"EV-056","Customer Controls","RBAC Documentation","Customer role and permission model","Product","On change"
"EV-057","Customer Controls","Audit Log Documentation","Customer-visible security events","Product","On change"
"EV-058","Customer Controls","Security Configuration Guide","Customer-configurable security settings","Product / Security","On change"
"EV-059","Legal","Security Addendum","Contractual security commitments","Legal / Security","On change"
"EV-060","Legal","Incident Notification Clause","Contractual notification obligations","Legal / Security","On change"